global_cluster_id,count,fraction,is_noise,sma_mean,sma_std,sma_min,sma_max,ecc_mean,ecc_std,ecc_min,ecc_max,inc_mean,inc_std,inc_min,inc_max,raan_mean,raan_std,raan_min,raan_max,aop_mean,aop_std,aop_min,aop_max,true_anomaly_mean,true_anomaly_std,true_anomaly_min,true_anomaly_max,umap_1_mean,umap_1_std,umap_1_min,umap_1_max,umap_2_mean,umap_2_std,umap_2_min,umap_2_max,umap_3_mean,umap_3_std,umap_3_min,umap_3_max
0,414,0.13690476,1,6917.1932,23.366799,6719.9548,6925.6154,0.00015638816,7.6119594e-05,4.78e-05,0.0008675,53.143737,0.081314188,53.0237,53.2209,184.308,95.235274,1.4301,357.1804,94.112857,26.816234,21.4284,348.7345,176.99925,108.39104,0.025306893,359.46903,6.494005,6.0812425,-5.1493587,15.285436,2.6781133,6.2748769,-8.3500347,13.825364,5.8188278,2.1518261,2.0665574,12.038324
1,63,0.020833333,0,6901.0986,58.080245,6711.0598,6925.4135,0.00022440159,0.00017403095,3.38e-05,0.0011009,53.05333,0.0061908005,53.0251,53.0574,339.41702,43.969189,1.34,358.9517,98.036067,30.254956,67.1647,204.8068,148.17004,97.875966,8.8695195,330.57242,-4.6128373,0.65678002,-5.7885418,-2.9932833,4.7233961,1.1204887,2.8722651,6.8497787,4.324317,0.63471722,3.3962741,5.3352208
2,9,0.0029761905,0,6906.2118,38.094137,6836.5235,6925.4327,0.00018608889,7.8402446e-05,0.0001006,0.0003469,53.049789,0.0093386889,53.0252,53.0543,234.40253,2.1928839,231.7069,237.8974,121.93437,51.687137,88.7766,234.4708,182.74355,156.48429,6.5666978,359.74694,8.8139563,0.41113647,8.3133602,9.4408255,7.1621931,0.25628776,6.7228589,7.5046802,6.1477799,0.24201636,5.7166362,6.482254
3,38,0.012566138,0,6906.4313,46.016877,6755.581,6925.5903,0.00013650526,2.9458426e-05,4.16e-05,0.0002501,53.051897,0.0050378292,53.0286,53.0556,261.45408,3.88383,256.0214,266.8916,105.24145,61.591355,10.3939,330.4804,171.81202,102.15656,8.668757,347.35291,5.6172596,0.56779829,4.7192683,6.6709986,10.10997,0.56082864,9.1671114,11.102469,6.3884854,0.74129552,5.2225375,7.4417424
4,17,0.0056216931,0,6904.7143,42.948568,6772.6111,6925.3812,0.00016140588,6.3252366e-05,9.61e-05,0.0003456,53.051553,0.0044334126,53.0356,53.054,274.17415,2.5749512,270.3673,277.8488,117.93726,63.907,87.1821,345.6462,219.95278,56.899553,107.72236,325.94595,3.513992,0.50678239,2.8491256,4.2367339,10.843816,0.40776183,10.006265,11.359879,6.7378536,0.53330495,5.6910648,7.3080745
5,27,0.0089285714,0,6917.4733,31.440465,6770.4702,6925.6266,0.00018051481,0.00011761231,0.0001176,0.0006809,53.052437,0.0055416013,53.0251,53.0562,283.5772,2.8750338,276.4103,286.4748,107.19536,39.568456,80.12,255.6074,159.37827,96.755915,10.947459,346.18946,1.9879452,0.46497744,1.3142064,3.2062523,10.356588,0.60683233,9.3968868,11.165765,5.8884776,0.54402808,5.0119705,6.9759479
6,15,0.0049603175,0,6919.9911,20.825011,6844.7133,6925.4082,0.00015926,3.573893e-05,0.0001143,0.000242,53.05438,0.0010386805,53.0532,53.0567,309.03666,2.6802938,304.7635,311.6905,110.55739,58.769141,86.7725,321.1954,90.887188,85.33953,6.6970936,342.60394,-1.8755572,0.60898735,-2.840976,-1.0958709,9.2248183,0.45254888,8.3442202,9.8661785,4.1853581,0.44290323,3.7259369,5.1789823
7,59,0.019510582,0,6912.8351,36.332042,6733.5503,6925.5845,0.00020718814,0.00018255873,6.58e-05,0.0010313,53.051817,0.0074834796,53.0014,53.0556,229.99274,7.9559444,221.2965,247.1533,105.39966,56.252486,18.1431,295.4316,177.81729,91.932384,5.2262379,357.82777,9.6349625,1.0332706,7.5747695,11.444968,7.2621413,1.1093974,5.6577158,9.5617161,4.7089063,0.65468121,3.6092134,6.0142369
8,21,0.0069444444,0,6909.1576,52.96216,6712.0255,6925.4107,0.00017859524,0.00013286483,0.000104,0.0007515,53.05241,0.0046380928,53.034,53.0557,243.13183,3.4399365,236.6536,246.6464,89.787957,29.749377,14.7614,195.8825,197.55934,133.37131,5.9352322,351.20507,7.9688215,0.59225979,7.1474271,9.0399075,8.3485715,0.51372496,7.5655618,9.4702778,6.335927,0.38997994,5.4106183,6.7870836
9,9,0.0029761905,0,6884.5094,81.967169,6716.776,6925.3601,0.00021835556,0.00015748325,0.0001169,0.000571,53.052389,0.0025575596,53.0475,53.0543,298.50818,2.6286137,294.9598,301.1635,122.10819,55.893481,89.1187,267.0366,94.106448,76.95593,8.5782072,284.89479,-0.56654257,0.22609864,-0.95145321,-0.18907024,10.117968,0.44516147,9.2982445,10.603126,4.6555749,0.41217075,4.196249,5.2809472
10,13,0.0042989418,0,6922.0053,8.5289996,6897.878,6925.4264,0.00015444615,4.3350886e-05,7.17e-05,0.0002371,53.054454,0.0012862189,53.0526,53.0568,297.42948,2.4390642,293.387,301.1014,103.69838,31.459294,80.1504,205.4496,274.98617,62.458537,163.13471,351.10397,-0.070382979,0.31021685,-0.49555451,0.56362009,9.125822,0.51788489,8.5185499,10.238361,5.5308281,0.5101509,4.5637965,6.2200704
11,33,0.010912698,0,6883.6336,72.140382,6699.2173,6925.4136,0.00020341212,0.00012249851,0.0001142,0.0007375,53.050348,0.0088910812,53.015,53.0564,319.40906,5.4234048,309.838,331.6088,101.16524,37.945933,53.2446,231.3703,189.90425,99.185126,14.344331,331.26584,-3.2331459,0.66042301,-4.3347449,-1.8635422,8.0133861,0.7910795,6.6497173,9.2383871,4.6896717,0.60745199,3.6471162,5.6424379
12,11,0.0036375661,0,6925.3899,0.035696381,6925.3452,6925.4549,0.00016385455,3.416148e-05,0.0001091,0.0002185,53.054791,0.0010615597,53.0534,53.0565,306.20545,0.17011274,305.7425,306.3237,93.986445,10.076676,80.5686,109.1619,203.96729,59.510826,116.4715,302.11101,-1.737309,0.38193026,-2.1570947,-1.0205621,9.1512659,0.76344043,8.0957947,10.015733,5.4848287,0.32233267,4.9405031,5.881916
13,58,0.019179894,0,6905.2653,48.432805,6725.9652,6925.4809,0.00024139138,0.00019962744,3.95e-05,0.001102,53.054669,0.0046225688,53.0313,53.0584,18.389786,9.1889802,0.8726,34.234,88.903681,21.73652,39.2944,196.8126,177.24839,106.15873,2.2997419,348.98647,-1.9608745,0.95729472,-4.0948873,-0.19127122,1.0303185,0.91837615,-0.69328839,2.5650561,4.5748695,0.60621182,3.6059,5.8620396
14,30,0.0099206349,0,6912.4111,35.584116,6782.5449,6925.3927,0.00020501667,0.00015794796,5.21e-05,0.0007094,53.055113,0.0049522362,53.0402,53.0718,42.60549,5.0058258,37.2773,53.4597,90.120993,20.208335,32.9581,124.5871,205.16734,104.66295,14.995603,351.68965,0.36641207,0.57109462,-0.67643166,1.6527692,-1.3756153,0.75639337,-2.924793,-0.35582489,5.0628485,0.7301435,4.1404757,6.2802787
15,21,0.0069444444,0,6898.9833,57.174661,6720.7241,6925.4315,0.00019532381,0.0001748028,3.86e-05,0.0008289,53.053424,0.005743858,53.0435,53.0748,146.78321,3.268305,140.9923,152.7443,95.951824,65.084515,20.8462,358.5119,242.32542,87.903491,3.6827002,342.31364,11.183716,0.6664252,10.2257,12.408746,-5.0858242,0.7453022,-6.2268772,-3.7048514,3.019599,0.35454929,2.4413211,3.7763474
16,31,0.010251323,0,6911.0376,40.047461,6769.8023,6925.3926,0.00019383226,0.00017324376,0.0001069,0.0009881,53.053235,0.0047858506,53.0343,53.057,75.352158,2.8462696,68.6467,78.7753,88.179235,14.012314,36.7856,116.4747,183.04751,117.30222,0.880282,356.33351,3.4244746,0.52015786,2.6268549,4.5588493,-5.5023806,0.8157615,-6.6617379,-4.1692901,5.8490725,0.667435,4.8882632,6.9343209
17,20,0.0066137566,0,6906.5626,54.055829,6745.9644,6925.3929,0.000211405,0.00015737299,0.0001326,0.000753,53.054485,0.0025907274,53.0455,53.0575,50.5252,2.260512,47.6095,53.7893,96.421135,15.524476,72.9941,141.3999,132.87079,78.266744,19.606698,354.20702,1.0372076,0.6133283,0.065250158,2.0150664,-2.1765429,0.64973475,-3.4635668,-1.3241472,5.8627302,0.4716356,4.9886246,6.4108052
18,21,0.0069444444,0,6919.3934,19.154916,6852.0195,6925.3995,0.00014799048,2.4106719e-05,9.87e-05,0.0002144,53.05501,0.001045899,53.0535,53.0571,61.934829,2.399919,58.1728,65.6528,91.030948,6.281022,77.4711,104.8017,177.21523,107.78027,23.876743,354.82666,2.1560462,0.71007942,1.1373893,3.1160841,-3.6344437,0.46324658,-4.6390176,-2.9531171,5.5109678,0.6167524,4.6543088,6.4965658
19,46,0.01521164,0,6922.3929,14.975721,6832.9453,6925.4191,0.0001726913,9.7388023e-05,0.0001253,0.0006917,53.053554,0.0042342889,53.026,53.0554,88.335976,4.2699706,82.8948,98.3538,90.549593,14.062219,43.9817,155.4904,176.70587,96.831696,9.2550001,355.1541,5.2472065,0.8732404,3.6420407,6.7943206,-6.2826374,0.65611433,-7.6823425,-5.3669434,6.6259262,0.81249504,5.2074509,7.6808162
20,24,0.0079365079,0,6907.6429,54.917385,6710.8616,6925.4715,0.0001890125,0.0001496968,9.62e-05,0.0007447,53.052537,0.0024514082,53.0453,53.0564,103.99723,3.7203438,97.4353,109.2135,99.026408,47.089554,58.8861,313.8494,157.54051,125.6905,0.1282397,359.6276,6.9993401,0.6655247,5.8939362,7.9930725,-7.895747,0.56820466,-8.4810915,-6.6189318,7.100915,0.42665502,6.3868127,7.7795348
21,47,0.015542328,0,6912.9091,38.349729,6767.3571,6925.5283,0.00021405745,0.00018519797,0.0001266,0.0009401,53.053555,0.0024646023,53.0422,53.0558,204.58654,4.124834,196.7103,212.0197,104.4257,63.349299,14.4165,329.2297,188.03659,107.71808,5.2820632,357.23604,11.795641,0.90323046,10.34101,13.301768,3.7002169,0.71845319,2.3199155,5.2195654,4.4273721,0.70352257,3.2465756,5.5285668
22,46,0.01521164,0,6914.5019,38.428824,6742.23,6925.4955,0.00017560435,0.00011573141,8.02e-05,0.0008925,53.053533,0.003033667,53.0375,53.0563,187.89149,4.6063168,180.7965,196.4788,96.640591,42.630145,7.9327,297.3708,152.10356,105.29522,0.6465097,354.55071,12.170772,0.83474303,10.840153,13.587908,1.2491716,0.64658298,0.19694859,2.4322119,3.6803667,0.87466808,1.9485742,5.0047755
23,10,0.0033068783,0,6919.5972,18.168702,6867.8884,6925.3835,0.00019073,0.00013684238,0.0001317,0.0005794,53.05482,0.0041938579,53.0527,53.0666,129.91171,2.4458692,127.1074,132.8164,83.71824,12.504566,51.6441,94.1811,307.36044,23.528392,272.20812,347.6091,10.461599,0.28537018,10.124516,11.074544,-7.3788946,0.37296246,-7.7779231,-6.7155013,4.4605094,0.37671381,3.9041858,5.0049458
24,23,0.0076058201,0,6924.2145,5.4790869,6899.0804,6925.3993,0.00017199565,0.00011464424,0.0001205,0.0006904,53.0532,0.0010501082,53.0507,53.0549,138.39815,2.2195663,132.9807,142.6739,84.841343,15.15189,19.6945,97.8474,157.47938,103.12046,10.304532,339.36971,11.324116,0.78805302,10.050209,12.372159,-5.8564111,0.57478008,-6.8184114,-4.8891525,4.5111557,0.64966745,3.537951,5.6122575
25,38,0.012566138,0,6925.3615,0.036502151,6925.2822,6925.4461,0.00015524211,2.9671076e-05,9.67e-05,0.0002725,53.053782,0.00072143073,53.0527,53.056,157.43989,4.2411979,151.3512,167.4089,89.672587,9.2297463,72.416,118.5957,140.6625,96.019793,2.7212811,346.4068,11.984585,0.71196314,10.684892,13.217761,-3.2943532,0.72299292,-4.6459222,-1.8384513,3.419433,0.66250265,2.2389572,4.4282398
26,24,0.0079365079,0,6916.6333,24.664074,6814.9909,6925.4004,0.00017614167,0.00011700265,7.71e-05,0.0006139,53.052788,0.0015380147,53.0473,53.055,118.79828,2.5410675,113.0731,122.9631,84.502058,20.70668,30.1593,113.0018,149.55785,98.452428,2.9772213,345.51676,9.3033016,0.4938469,8.3041821,10.053511,-7.3796828,0.62748651,-8.4357796,-6.5584011,6.4984607,0.57025945,5.4502854,7.3318357
27,9,0.0029761905,0,6918.353,20.983992,6862.3957,6925.385,0.00015303333,1.7579036e-05,0.0001193,0.00017,53.053278,0.0014087031,53.051,53.0551,127.47281,3.3766769,123.0426,132.4507,87.395122,9.0366769,71.0896,95.0836,182.81928,20.916317,150.79222,214.52346,9.7792405,0.33059,9.210578,10.231936,-5.9868562,0.23910655,-6.309258,-5.5940728,5.7447397,0.28662551,5.285378,6.1512618
28,14,0.0046296296,0,6925.3642,0.040157569,6925.3253,6925.4479,0.00014407857,1.0234645e-05,0.0001306,0.0001617,53.0537,0.00074627279,53.0519,53.0547,171.09725,1.9644661,167.3598,172.6036,92.484314,6.8060427,81.7325,106.1097,195.75073,126.48949,4.185839,342.7781,12.913201,0.57144813,11.704247,13.587238,-1.2658012,0.26779869,-1.7762038,-0.91279703,2.7364983,0.81956697,1.8685609,4.0269818
29,13,0.0042989418,0,6925.3645,0.015781245,6925.329,6925.3863,0.00015833846,2.4025422e-05,0.000123,0.0002099,53.054154,0.00074118754,53.0531,53.0558,175.91944,2.115119,172.1046,177.5065,87.084585,8.8017899,64.7674,97.3334,156.27864,64.567675,73.128002,283.89412,11.802464,0.3958041,11.301663,12.561767,-0.48210003,0.35281743,-1.1737152,-0.1078557,2.9187746,0.87625618,1.7634605,3.9816604
30,79,0.026124339,0,6917.2723,5.4299327,6869.6213,6917.9402,0.00014618987,4.2369784e-05,6.66e-05,0.0004952,53.216084,0.00085716144,53.2121,53.2187,122.93405,5.3536335,115.0063,130.5764,88.091214,7.9056878,47.8007,105.1788,172.56354,103.77602,0.84724973,354.69663,-0.21885367,0.85823361,-2.0210273,1.3681935,-4.0949819,0.94129017,-5.7979007,-2.177465,6.9636565,1.0538028,5.3512402,8.5685253
31,18,0.005952381,0,6917.8738,0.12979833,6917.5957,6918.3115,0.00014802778,3.127312e-05,0.000124,0.0002653,53.215967,0.00058006085,53.2149,53.2171,146.18289,1.8249774,143.2769,148.4994,88.57265,7.1748257,76.386,101.0112,237.02503,101.60574,17.720339,352.93216,3.1031048,0.3255863,2.628402,3.5385203,-6.1719693,0.43611071,-6.6246634,-4.993515,6.5022155,0.98088942,5.273211,8.0473785
32,18,0.005952381,0,6914.1968,15.769339,6851.0104,6918.1154,0.00015605556,2.5857943e-05,0.0001314,0.0002226,53.215167,0.0066101526,53.1888,53.2179,152.02008,3.1763335,145.1802,155.1988,87.071817,16.049116,25.2393,98.2391,97.300977,100.69064,6.8729991,357.05388,4.2780816,0.47350683,3.261554,4.8963904,-4.7372552,0.69402729,-6.0291734,-3.7615128,7.5564491,0.29523918,6.7677231,7.9552455
33,47,0.015542328,0,6915.1698,18.513942,6790.9454,6917.9075,0.00015490426,7.4844645e-05,0.0001161,0.0006484,53.216294,0.0013299893,53.2146,53.2232,139.46681,4.3769458,134.9704,150.239,94.87014,32.421673,76.8634,309.6395,167.9761,96.922215,7.9392349,355.07089,2.0949118,0.69909035,0.99861616,3.7229052,-5.0921533,0.83615896,-6.4754553,-3.8424463,6.6905884,1.0462925,5.2017946,8.3465443
34,42,0.013888889,0,6916.5785,8.3402251,6863.8151,6917.9084,0.00015898095,7.3149133e-05,0.0001188,0.0006106,53.216567,0.0013138413,53.2127,53.2203,82.872645,2.3785164,80.1937,86.005,88.960881,8.7966468,56.0045,105.1499,169.48804,103.61317,8.7752133,350.472,-3.6402428,0.89029114,-4.9751091,-2.2990141,1.067073,0.45257001,0.17598736,1.8520551,6.2482022,1.103361,4.6491461,7.9178042
35,21,0.0069444444,0,6917.8826,0.03690189,6917.7423,6917.9284,0.00014795238,3.6095174e-05,4.68e-05,0.0002301,53.216552,0.00091083426,53.2154,53.2184,157.95901,3.1225887,153.2321,163.2388,86.102071,11.477396,48.6484,101.3924,229.90727,47.769286,152.05641,318.13501,4.8910336,0.46411091,4.1652985,5.8630748,-5.2653305,0.77242916,-6.2774448,-3.809984,5.2216834,0.34977036,4.7041507,5.9405208
36,19,0.0062830688,0,6917.8793,0.030444723,6917.7895,6917.9253,0.00015888947,2.7293444e-05,0.0001277,0.0002473,53.217458,0.0012764168,53.2161,53.2207,75.760968,0.31565332,75.3738,76.3876,90.018337,11.63417,70.0434,127.7533,163.49595,118.48585,10.77675,358.71377,-3.9994417,0.97329866,-5.0784192,-2.3866637,2.2911835,0.21956523,1.8992797,2.672869,6.3284704,0.93686029,4.6430058,7.4253039
37,87,0.028769841,0,6917.8821,0.027090726,6917.7915,6918.0042,0.0001484908,1.803408e-05,0.0001065,0.0002061,53.217786,0.00097111449,53.2159,53.2217,59.118994,8.0787482,45.9133,75.5582,91.180167,6.5570138,59.8833,111.5861,170.80487,92.495126,1.3496161,358.59036,-3.0600332,0.7644604,-4.9560232,-1.7402134,4.8151494,1.292967,2.3000529,7.1620965,5.0688375,1.0940094,3.2570796,7.152916
38,16,0.0052910053,0,6917.8732,0.019556302,6917.8314,6917.9056,0.0001509,3.2675516e-05,0.0001116,0.0002514,53.2175,0.0010526158,53.2151,53.2195,42.300956,4.3495812,32.1627,46.2269,91.252206,12.228938,65.7855,123.9931,125.32906,40.67296,40.78668,193.32941,-1.3159709,0.8162862,-2.9900861,-0.1569774,6.750425,0.38457152,6.1092772,7.250206,5.1760019,0.46416889,4.2901235,5.8774366
39,13,0.0042989418,0,6917.8729,0.042195766,6917.7536,6917.9366,0.00014659231,1.3362975e-05,0.000121,0.000171,53.216677,0.00092480074,53.2153,53.2183,100.27782,0.47129308,99.6455,100.9423,89.313877,3.9179197,83.2656,95.7571,186.56982,135.24345,4.1494486,335.1146,-3.2251054,0.60389712,-3.8767378,-1.9469453,-1.7876428,0.52689342,-2.334486,-0.82919359,7.144262,0.86113744,5.7528906,8.1293287
40,27,0.0089285714,0,6913.0362,25.158436,6787.1509,6917.9125,0.00015862593,6.7582033e-05,7.52e-05,0.0004752,53.217133,0.0024006409,53.2059,53.2195,232.00041,2.4889046,228.3698,234.5865,97.556367,40.844268,63.5199,294.3502,172.46923,80.964938,55.470803,315.89886,13.244397,0.88057413,11.842987,14.489413,2.4619208,0.71086223,1.0812187,3.4399645,6.1437073,0.71151359,5.1461949,7.6065497
41,15,0.0049603175,0,6911.3428,25.294461,6819.9088,6917.9285,0.00016528,9.8579592e-05,9.78e-05,0.0005099,53.2172,0.0020877192,53.2102,53.2187,336.72916,2.2060331,333.2785,340.4649,94.091787,7.6060737,81.6515,109.5007,256.52273,106.08815,7.0008186,358.85638,7.5226338,0.49501778,6.7799811,8.2371235,13.697592,0.33139238,12.988618,14.208879,5.4408137,0.64108728,4.6801419,6.607439
42,47,0.015542328,0,6915.5992,14.41621,6819.2253,6917.9238,0.00015168723,5.3168386e-05,7.77e-05,0.0004259,53.217185,0.0042415634,53.1893,53.2197,330.12411,4.325704,323.0553,339.0288,88.71674,22.855723,40.9843,209.3758,185.25994,99.907066,4.8393707,341.0185,8.7164364,0.67899398,7.6267428,10.011327,12.982509,0.88399355,11.440289,14.362499,6.3343585,0.81593188,4.8692522,7.9187531
43,21,0.0069444444,0,6917.87,0.030023872,6917.813,6917.9272,0.00014582381,1.9325085e-05,0.0001167,0.000193,53.218786,0.0011490369,53.216,53.2203,29.507986,4.0372168,24.7964,36.0844,90.08409,11.437669,63.7133,112.2882,109.30668,100.33176,18.18909,358.78628,-0.49090701,0.54551203,-1.3905112,0.46006754,8.8394265,0.70937121,7.4339142,9.8993483,4.9492033,0.5530832,3.450639,5.5401292
44,18,0.005952381,0,6916.6373,5.2784324,6895.4873,6917.9286,0.00014093333,1.3376362e-05,0.0001222,0.0001801,53.216717,0.00099247166,53.2147,53.2183,171.90032,2.3926463,169.6251,174.8296,90.575994,9.5551103,70.5963,112.5564,227.6896,131.15226,7.6457708,350.95738,7.3095061,0.44274795,6.4110088,7.9624872,-4.3927838,0.61497904,-5.0628691,-3.3060565,6.0334809,0.6894331,4.9283171,6.9874244
45,28,0.0092592593,0,6917.9025,0.050197096,6917.8342,6918.1019,0.00014161429,1.5199822e-05,0.0001039,0.0001705,53.216564,0.00084643666,53.2151,53.2181,164.77345,3.0428133,159.9123,169.8841,91.724582,10.540739,79.0586,137.3383,148.24561,98.824158,12.770572,341.1062,5.7258288,0.52248492,4.7521944,6.6855412,-3.8103641,0.97837654,-5.7725697,-2.6521866,6.0328262,0.81153698,4.5429235,7.3527908
46,26,0.0085978836,0,6914.3891,17.795396,6827.1401,6917.9145,0.00016428077,0.00010264756,0.000106,0.0006585,53.216458,0.004369089,53.1956,53.2191,206.32452,2.4864115,202.9951,209.3412,99.917573,38.932122,76.3506,285.4733,207.22594,68.083651,4.9312833,317.16407,11.315186,0.51641159,10.304092,12.133649,-0.59084279,0.75623303,-1.5876772,1.0141265,3.8836624,0.69067299,3.1057184,5.3940444
47,18,0.005952381,0,6917.8943,0.041049269,6917.8491,6918.0052,0.00014605,1.3849538e-05,0.0001296,0.0001885,53.215972,0.00071026553,53.2147,53.2172,107.06851,2.2770136,105.0959,110.4209,92.2657,14.495246,73.4821,145.8141,230.4904,71.895822,28.132684,351.029,-2.1871459,0.74317854,-3.2665422,-1.0314938,-2.5353946,0.45525147,-3.299813,-1.4765956,6.1154647,0.76924142,5.460237,7.9995208
48,37,0.01223545,0,6917.881,0.053321767,6917.7268,6918.1227,0.00014655405,1.3181734e-05,0.0001233,0.000186,53.216357,0.0010065178,53.2147,53.2184,96.201846,5.0790071,90.2999,106.0413,90.385257,5.7108797,76.8145,107.366,174.51309,84.927232,5.4096577,337.86137,-2.6115086,1.0475122,-4.3626599,-0.97590178,-0.68125919,0.47014234,-1.6113702,0.28492591,6.5069592,1.0312596,5.0225296,8.1196861
49,27,0.0089285714,0,6911.7263,30.386247,6759.9046,6918.0779,0.00015657037,8.9609511e-05,9.1e-05,0.0005698,53.216515,0.0030155627,53.2024,53.2188,240.64444,3.5883425,234.2078,245.3879,106.52007,62.327237,68.9026,339.0796,195.13112,136.78028,9.2414848,355.4082,13.301002,0.78968748,12.34667,14.748208,2.4010314,0.54943887,1.2889544,3.6680648,8.2911465,0.62450537,7.1793299,9.3368149
50,35,0.011574074,0,6914.8321,13.952691,6839.4012,6918.0303,0.00016472,8.5219381e-05,0.0001078,0.0006018,53.218406,0.0012653627,53.2141,53.2204,33.80932,6.2765699,20.8394,42.6806,94.535366,8.9603371,79.1053,125.587,260.18634,87.646301,31.985564,356.84189,-1.2665488,1.0879846,-2.848598,0.54347926,8.3175558,0.71756555,7.2284904,9.8240204,3.5576736,0.89462674,2.4566007,5.6558695
51,15,0.0049603175,0,6917.8801,0.02154214,6917.8169,6917.9003,0.0001442,1.4886331e-05,0.0001201,0.0001716,53.217387,0.00094933561,53.2163,53.2201,220.34219,2.2246816,218.8098,224.2319,97.540813,9.8821641,80.9685,112.4021,164.26482,50.33606,86.602037,225.69088,12.501565,0.88442071,11.069674,13.602878,1.4595755,0.61794436,0.36715427,2.211566,4.5361746,0.28724202,4.1097236,5.0645986
52,13,0.0042989418,0,6917.8715,0.064528307,6917.6669,6917.9232,0.00014383077,1.8346543e-05,0.0001157,0.0001663,53.218277,0.00092480074,53.2159,53.2198,353.54937,1.8391634,349.8479,355.3503,91.943846,16.072501,75.267,131.9882,269.2083,42.322594,209.25685,336.5068,5.5191682,0.60030928,4.6592283,6.61097,12.389485,0.44436609,11.660322,12.949763,3.255482,0.39526995,2.8940263,4.1643138
53,18,0.005952381,0,6912.6753,22.118938,6824.0464,6918.0707,0.00017887778,0.0001515966,0.000115,0.0007803,53.217117,0.0052549417,53.1964,53.2204,345.48316,3.3583776,340.1403,350.4232,90.375406,12.038845,71.2513,116.034,151.83282,153.9846,4.1993587,354.64946,5.7432188,0.40571905,4.9540501,6.3465166,12.863267,0.45246068,11.851184,13.391936,5.4232052,0.61161196,4.0814362,6.1540184
54,41,0.013558201,0,6917.8752,0.039449381,6917.7176,6918.0287,0.00014151951,2.5974422e-05,9.35e-05,0.0002341,53.218737,0.0010935621,53.2162,53.2207,19.599744,3.919282,13.836,26.2122,89.608288,8.806611,64.7722,104.3749,183.07435,101.05189,4.7222951,348.83523,1.2409358,0.61603389,0.13704494,2.4812617,9.1221946,1.0613447,7.5418897,10.651473,3.7003352,0.88386169,2.3679941,5.1234198
55,20,0.0066137566,0,6917.6531,1.0039209,6913.3942,6917.9933,0.000151065,3.4152187e-05,9.63e-05,0.0002303,53.217365,0.0015016745,53.215,53.2205,315.20767,2.7472621,310.5614,318.7819,98.582055,21.640992,57.4483,172.757,238.21619,59.91947,124.0645,342.9184,10.842402,0.57841836,9.7263832,11.736722,13.414554,0.48985474,12.469084,14.103772,8.3080921,0.64439895,7.2523627,9.4064703
56,23,0.0076058201,0,6915.8521,9.7713888,6871.0277,6917.9307,0.00014042174,1.5026279e-05,0.0001111,0.0001724,53.217452,0.0022147993,53.2157,53.2268,287.21897,3.9242506,279.8107,293.8129,87.478996,21.369807,2.1154,108.9944,191.41934,148.9959,8.3864293,359.02765,12.035157,0.55345269,11.356979,13.473098,9.3567367,0.65158489,8.1980782,10.405444,11.480197,0.51216716,10.291306,12.187622
57,48,0.015873016,0,6917.88,0.026651628,6917.8036,6917.9373,0.00014585833,1.6778822e-05,0.0001029,0.0002011,53.21696,0.00088359507,53.2145,53.2187,181.74103,4.8383831,174.6127,194.5056,92.050021,8.2502545,73.2309,117.0538,185.56493,107.20169,3.9718468,358.86159,7.8791205,0.84143624,6.2487845,9.4701595,-2.8530271,0.85867378,-4.4020677,-1.2064646,4.9464741,0.94182729,3.388859,6.444819
58,71,0.023478836,0,6917.3639,2.5414285,6901.8575,6917.9904,0.00015107606,4.1019185e-05,6.65e-05,0.0004316,53.217187,0.0009307339,53.2147,53.2198,205.4038,8.6099355,194.0629,219.2245,95.769151,25.60619,17.2489,250.0535,153.31554,111.22072,1.4171511,349.56815,10.210611,1.341163,8.1791782,13.272789,-0.21124821,0.97421237,-2.4368451,1.5184592,4.7964617,1.0951944,2.9434562,6.5089531
59,15,0.0049603175,0,6917.3965,1.8823988,6910.5922,6917.9071,0.0001376,2.2693328e-05,9.12e-05,0.000202,53.21776,0.00087079602,53.2163,53.2188,316.92708,4.1691075,310.7446,323.1196,100.472,30.753038,84.6674,210.5535,108.32605,63.589764,54.666814,325.97015,9.7164432,0.42418962,8.9960289,10.34257,11.639498,0.29384639,11.252615,12.135458,8.1198889,0.56169032,7.2953405,9.1776028
60,82,0.027116402,0,6915.9624,15.710127,6776.3687,6918.0245,0.00013590854,4.4043814e-05,7.84e-05,0.0004876,53.216556,0.0038267769,53.1834,53.2199,256.01551,6.2155541,243.6853,268.1079,91.734191,20.250791,44.2246,252.1223,181.66288,105.0352,0.12343182,350.24421,14.131336,0.89805736,12.461836,15.493169,4.8121551,0.95490341,2.7855742,6.6929555,9.2445086,1.1152961,7.0169716,11.051047
61,47,0.015542328,0,6917.8624,0.14914334,6916.8794,6917.9733,0.00015225319,2.099214e-05,0.0001166,0.0002159,53.218349,0.0012526272,53.2141,53.2215,329.09962,87.030208,0.0553,359.9856,92.396872,11.936912,60.6337,129.3315,123.62154,70.231653,3.4327766,285.1776,5.5359118,1.31756,3.3469014,7.7597308,11.262268,0.7120488,10.249445,13.061812,4.6488497,0.66216791,2.8787832,5.583343
62,48,0.015873016,0,6917.8726,0.023221516,6917.8243,6917.9258,0.00014874375,2.1129448e-05,0.0001029,0.0002237,53.218756,0.0010437058,53.2165,53.2212,7.3073125,4.1879119,0.0748,14.9071,92.15231,8.8875547,75.3942,120.7186,189.73573,100.73784,7.4178337,350.52971,3.0492967,0.54863145,1.8922504,4.2286439,10.420412,0.98254833,8.7028818,12.088156,3.4293956,0.92694794,2.1402717,4.9660797
63,16,0.0052910053,0,6916.7958,3.0663441,6908.756,6918.1557,0.000153375,2.8285579e-05,0.0001225,0.0002116,53.217494,0.001092684,53.2151,53.2194,302.86173,1.002817,301.179,303.6282,113.12005,55.85285,79.7042,256.0385,259.61608,93.005847,0.16354006,335.18992,11.611915,0.616931,10.834413,12.711885,12.719742,0.36853798,11.863889,13.17545,10.688372,0.43447701,9.835495,11.244915
64,25,0.0082671958,0,6917.8865,0.021043124,6917.8433,6917.9247,0.000137,2.218883e-05,0.0001149,0.0002323,53.217228,0.00095329254,53.2151,53.2195,303.94324,3.3801229,298.4592,310.6762,88.080888,6.6073745,69.3047,101.264,149.7153,67.195615,30.999464,275.29849,11.873655,0.91283625,10.667121,13.272609,11.623826,0.53591853,10.877431,12.580864,9.3259151,0.73397645,8.2086906,10.678233
65,18,0.005952381,0,6917.8819,0.045333792,6917.7162,6917.9449,0.00013098333,1.1688267e-05,0.0001016,0.0001561,53.217239,0.0010528052,53.2156,53.2197,269.96177,3.6759289,263.5039,273.5945,90.193239,6.2404361,83.322,107.8854,133.5546,114.79923,4.4391423,354.65605,13.09157,0.43906736,12.33864,13.9484,6.8316659,0.3527243,6.1091471,7.4523873,9.8869619,1.1306579,8.4684086,11.561982
66,39,0.012896825,0,6911.8886,25.891466,6801.1684,6917.952,0.00014005897,3.6965081e-05,9.78e-05,0.0002975,53.215726,0.0058538659,53.1834,53.2188,276.6649,3.0072206,273.0902,284.1144,98.407618,31.673397,79.3916,231.2664,189.49256,86.448266,17.110536,359.8067,13.972778,0.85285843,12.082508,15.074646,8.1134377,0.5018089,7.4288244,9.5337715,10.448993,0.99736526,9.0007515,12.1303
67,24,0.0079365079,0,6917.8847,0.051045764,6917.7328,6918.0255,0.00015955833,5.7516689e-05,0.0001067,0.0003968,53.217446,0.0010155226,53.2152,53.2192,290.10064,4.3671168,283.5724,293.8542,98.325346,18.104021,58.406,147.6994,153.17822,51.311256,64.996303,250.48752,13.098425,0.56506809,11.943673,14.026515,10.161324,0.84717928,8.9593973,11.398571,10.04077,0.46285871,9.4233789,11.181108
68,16,0.0052910053,0,6944.0895,24.332379,6852.8432,6950.243,0.00027759375,2.7102361e-05,0.0002147,0.0003327,70.001544,0.00053661749,70.0009,70.003,34.91275,0.78246058,32.1245,35.2783,266.85036,3.4564778,259.6132,272.3197,175.03648,102.72923,15.998475,359.0532,0.82715806,0.61211511,-0.064322308,1.7229171,-18.57803,0.61878522,-19.587883,-17.797958,11.477627,0.47370366,10.801354,12.172945
69,18,0.005952381,0,6950.1917,0.86026847,6947.6744,6952.6894,0.00031030556,1.4808919e-05,0.0002898,0.0003443,70.000128,0.00039378339,69.9996,70.0014,164.24865,0.28025586,163.5741,164.5709,269.48347,1.6892379,266.9682,273.2057,181.01525,107.43972,19.320728,353.7439,-12.139525,0.25066182,-12.520449,-11.744174,13.987805,0.66641531,13.062896,14.956738,11.968941,0.91116857,10.576395,13.068462
70,21,0.0069444444,0,6940.0996,32.045831,6833.8823,6950.2364,0.00029425714,9.6645732e-05,0.0002288,0.0007033,70.000724,0.0040684032,69.9862,70.0056,21.179448,76.898785,3.74,356.78,266.82712,8.7245156,240.7593,277.1177,178.64397,108.80936,6.6800236,347.57248,16.01219,0.75593385,14.908993,17.070625,13.224088,0.76766249,12.122871,14.302999,7.5089099,0.81755729,6.2345796,8.7683372
71,20,0.0066137566,0,6950.1884,0.030169929,6950.1218,6950.2665,0.000311045,1.6352031e-05,0.0002739,0.0003503,70.00088,0.00056063873,69.9999,70.0019,223.92971,0.16316839,223.7447,224.4364,269.45608,3.2293523,263.9512,277.8065,175.13595,108.69611,9.7241451,353.30403,2.2275178,0.89184984,0.97607726,3.5060403,14.701334,0.80403523,13.562959,15.739185,-1.2877118,0.22583749,-1.6666777,-0.84186697
72,19,0.0062830688,0,6945.6391,20.209469,6862.1929,6951.4521,0.00028987895,3.9694816e-05,0.0001765,0.000386,70.000126,0.00097857158,69.9982,70.0024,344.16962,0.7520987,342.4745,345.8995,262.45143,35.403583,118.6711,290.808,167.1985,101.30174,5.6962374,349.44385,-3.4136019,0.40505669,-4.0585155,-2.6931822,10.192939,0.80388509,9.061326,11.555468,-7.0909215,0.72311675,-8.1142702,-5.9899592
73,20,0.0066137566,0,6936.971,40.669187,6817.1343,6950.2081,0.0003165,0.00024492159,0.0002085,0.0013502,70.00132,0.0033664912,69.9874,70.0039,24.552,0.83924149,21.7712,25.9352,268.28706,8.7911069,233.5632,278.2833,181.36615,97.981868,4.2143362,337.34146,9.0525656,0.86891208,7.7610073,10.252441,4.7866794,0.73482564,3.6855977,5.8270373,12.537785,0.4772943,11.858298,13.347208
74,19,0.0062830688,0,6950.1995,0.037346945,6950.1531,6950.3346,0.00029152632,3.9724102e-05,0.0001491,0.0003437,69.999016,0.00092991228,69.9978,70.0024,84.733653,0.38279989,83.4925,85.0114,268.66177,3.7383004,261.4094,278.634,188.95767,108.64908,22.373819,359.0013,-0.74069306,0.77367212,-1.8412234,0.48657975,5.0484893,0.82060629,3.7558787,6.306098,12.587207,0.34221194,12.061517,13.154493
75,17,0.0056216931,0,6950.1842,0.041250102,6950.0534,6950.2525,0.00029832353,3.7041843e-05,0.0002173,0.0004075,69.998241,0.00071855656,69.9976,70,304.76494,0.85385779,303.7445,305.9522,268.81534,5.1702153,256.5831,279.2627,182.7549,104.61313,11.167627,336.66945,18.810315,0.79771738,17.492731,19.911907,4.7350721,0.31554387,4.2768703,5.2548504,-7.45583,0.73730877,-8.6198406,-6.4635868
76,18,0.005952381,0,6950.1964,0.02907245,6950.1647,6950.3076,0.00032243889,2.071212e-05,0.0002803,0.0003715,69.999356,0.0003450869,69.9986,70.0002,144.31191,0.36447155,143.6452,144.6068,269.53336,1.6334919,265.5616,272.4955,179.56756,104.43221,17.626756,354.15448,1.2971438,0.75664716,0.27794859,2.3928692,-3.7629073,0.77695228,-4.8849912,-2.5863273,13.880438,0.17443869,13.621475,14.180242
77,20,0.0066137566,0,6950.1937,0.022646345,6950.1636,6950.2649,0.000297735,2.2905372e-05,0.0002623,0.0003492,69.999455,0.00047735565,69.998,70.0001,264.00986,0.33379177,263.5266,264.7058,268.90581,3.6134136,263.9326,277.9534,174.31641,112.82971,9.4459881,351.29122,13.741367,1.0124504,12.388042,15.241243,1.0228904,0.42961952,0.32594383,1.5805598,-4.1570285,0.65155601,-5.1055026,-3.2462535
78,16,0.0052910053,0,6950.1729,0.037868359,6950.1074,6950.2468,0.00028804375,2.5527057e-05,0.0002153,0.0003208,70.001494,0.0009412536,70,70.0039,184.27632,0.25435344,183.9914,184.7116,264.99912,8.6516294,239.6137,276.5944,189.16942,105.53965,14.150845,356.32693,10.160646,0.14420278,9.9210644,10.396414,6.9507612,0.77108888,5.6954198,7.9607797,-3.0172478,0.70373605,-4.1130342,-1.9600265
79,19,0.0062830688,0,6949.4331,2.7688911,6938.2413,6950.2717,0.00034592105,0.00012678479,0.0002204,0.0008488,69.998837,0.00099230961,69.9971,70.0015,124.62465,0.1655767,124.176,124.8113,269.34277,4.4692121,253.4927,277.8448,205.01204,105.08181,20.705945,357.6365,-3.4664351,0.67467545,-4.6762366,-2.613677,2.9490382,0.53259086,2.2741604,3.8640277,3.0312204,0.8545546,1.6961546,4.2040577
80,18,0.005952381,0,6947.96,9.3914473,6910.3292,6950.2324,0.00030939444,4.2087059e-05,0.0002289,0.0004346,70.000206,0.00076425452,69.9977,70.001,243.52878,2.1436381,235.0333,244.5777,267.86433,5.2864126,249.2569,274.1009,186.81355,101.96023,10.528444,350.20223,1.9870275,0.26860892,1.6123132,2.50195,-1.6382629,0.69870138,-2.7268033,-0.65623522,-2.7690718,0.75265882,-3.7949531,-1.5973054
81,19,0.0062830688,0,6950.2869,0.52865282,6949.9587,6952.4578,0.00027261579,1.981549e-05,0.0002378,0.0003045,70.000895,0.00061053136,70.0001,70.0023,45.079126,0.24452863,44.2553,45.3005,266.13307,5.6895413,254.2102,272.1555,175.11696,111.18462,1.0305274,342.07403,11.81165,0.82580469,10.552391,13.076423,3.1808884,0.86863538,2.0642161,4.4227772,0.95646579,0.22451527,0.51500052,1.2627218
82,18,0.005952381,0,6950.1891,0.025775593,6950.1351,6950.2603,0.00028874444,1.5701638e-05,0.0002647,0.0003167,69.999544,0.00045532435,69.9991,70.0011,64.921522,0.40702064,63.369,65.2238,269.15252,3.3199743,265.4298,280.5345,165.34697,104.49669,3.0241141,338.86747,3.386244,0.77472388,2.1876016,4.4957256,-5.3391383,0.47216208,-6.0530801,-4.5797586,7.1436778,0.63924812,6.2866178,8.1387062
83,12,0.003968254,0,6950.1879,0.044206344,6950.0934,6950.2543,0.00025974167,3.8789724e-05,0.0001583,0.0003179,70.002092,0.00088467594,70.0009,70.0035,14.402308,0.57280877,13.812,15.3821,271.39407,4.6656993,266.2432,278.6226,189.7345,106.73829,8.7195478,331.26649,4.2392744,0.26916567,3.7937467,4.6953835,2.4014604,0.52350941,1.5673035,3.0759552,-4.8289882,0.42874515,-5.4441276,-4.194663
84,16,0.0052910053,0,6950.1771,0.013215911,6950.1596,6950.206,0.0003082,3.1258855e-05,0.0002746,0.0004024,70.001475,0.00042504902,70.0009,70.0024,204.06605,0.16335865,203.7592,204.336,266.26608,2.5162148,261.6582,271.7542,186.54513,105.92891,18.820436,349.8836,1.0421148,0.52581109,0.30230701,1.8380198,2.261136,0.53667836,1.4858017,3.0900147,-7.4781866,0.71336955,-8.5270386,-6.4893761
85,14,0.0046296296,0,6950.2104,0.054280308,6950.1618,6950.3353,0.00026635,4.0472607e-05,0.0001479,0.0003158,70.000264,0.00034996075,69.9998,70.001,55.074129,0.058963045,54.9907,55.1881,266.71628,4.3187109,256.7197,271.6175,168.74886,104.76815,16.962639,353.95512,14.632003,0.52451998,13.726588,15.432853,-1.8912002,0.60936364,-2.8856781,-1.1437048,8.6669586,0.51032811,7.787662,9.3712854
86,17,0.0056216931,0,6950.0691,0.62188449,6947.6968,6950.6552,0.00027771176,2.7311259e-05,0.0001838,0.0003015,69.998924,0.0010395488,69.9976,70.0015,284.17492,0.5762331,283.6494,286.1597,270.79083,2.9132328,268.1492,280.5532,185.88218,113.04678,10.401606,353.36888,12.526273,0.52191855,11.716567,13.357345,1.1449395,0.73473978,-0.10786551,2.1025343,5.7231303,0.58841416,4.943047,6.6586251
87,20,0.0066137566,0,6950.1215,0.33181829,6948.7144,6950.2681,0.00029115,3.0886592e-05,0.0002469,0.0003898,69.999,0.00034943564,69.9983,69.9995,324.12725,0.6034685,323.6335,325.1627,270.00774,3.6295509,265.1281,281.5427,179.71389,105.84194,7.0020074,342.54332,2.1629744,0.63755797,1.2723013,3.1265438,0.65705768,0.86327565,-0.44288012,1.9900458,5.3384058,0.64068727,4.4094701,6.2947459
88,18,0.005952381,0,6950.1756,0.061050627,6949.9459,6950.2387,0.00031462778,2.0791678e-05,0.0002859,0.000372,69.99855,0.00043284286,69.998,69.9996,104.72313,0.14315834,104.5746,104.9663,269.75831,2.442807,266.0523,277.9074,190.86776,114.52237,21.731528,358.80628,3.9761666,0.65024213,3.0617762,4.837409,5.3768239,0.50751344,4.5328794,6.1741419,1.7694909,0.79545283,0.53581065,2.9166167
89,44,0.014550265,0,6937.8216,16.264443,6847.8076,6944.2821,0.00016782045,6.8972349e-05,4.22e-05,0.0002999,97.654916,0.0015014633,97.652,97.6586,163.16148,0.26023172,162.4935,163.8373,120.97384,49.978471,51.5887,226.1898,149.64438,106.14072,12.013504,351.05024,5.0058862,0.90687155,3.6859386,6.549789,20.708856,0.89605797,19.359077,22.213436,15.166817,0.29521372,14.521123,15.706017
90,45,0.014880952,0,6941.147,0.028170229,6941.0518,6941.2061,0.00020989111,8.7199861e-05,7.12e-05,0.0004054,97.655684,0.0015798382,97.6519,97.6588,103.15235,0.093865038,103.0615,103.4958,106.06695,33.632767,60.37,197.8136,231.91268,94.754997,10.542662,355.5898,-6.7694665,0.81810387,-8.0793152,-5.3987889,-1.6183863,0.44802975,-2.4213972,-0.86494595,1.5649506,0.99876338,-0.0040546358,3.128809
91,43,0.014219577,0,6941.0506,0.62072687,6937.0827,6941.2338,0.00021476279,0.00012596572,3.44e-05,0.0005712,97.655902,0.0014668542,97.6528,97.6594,343.19911,0.13925101,342.8062,343.5274,102.13556,48.75455,55.2572,327.5833,208.65924,112.63584,0.73795077,359.65453,0.10534745,0.76768617,-1.1443474,1.3631766,7.3070213,0.62373006,6.3593445,8.3332615,-4.2963228,0.83322367,-5.6913438,-3.0157018
92,45,0.014880952,0,6939.1951,9.8747543,6875.8371,6941.1771,0.00021362,0.00011504134,3.42e-05,0.000644,97.654516,0.0026742846,97.6484,97.6675,283.09779,0.080631365,283.0269,283.4502,118.43125,56.426426,43.9099,273.0523,143.0043,94.992144,2.9573916,359.99239,16.76087,0.26415678,16.180248,17.298626,5.0478395,1.0143487,3.3958166,6.6209621,1.5609197,0.87626039,0.39740571,2.9615538
93,46,0.01521164,0,6941.1296,0.030337656,6941.0496,6941.2062,0.00021061522,0.00011542765,2.69e-05,0.0004832,97.655117,0.0017502132,97.6533,97.6607,223.26553,0.73205152,222.87,226.4962,161.66981,73.309788,53.0371,296.0272,238.38653,84.582024,1.1245191,350.38195,16.529529,0.94063727,14.981268,17.919729,0.33128933,0.46452739,-0.51540881,1.1153616,13.40544,0.89003784,11.864595,14.745167
